Segment_ID,component_1,component_2,component_3
SA_743.0_30-Nov-2013_05:57,0.0,2.491899489359338,25.615560066527564
SA_743.0_30-Nov-2013_06:56,11.291533877566554,0.0,18.472670647063556
SA_743.0_30-Nov-2013_07:55,20.87221841756775,2.181688436941416,2.8570325944726487
SA_743.0_30-Nov-2013_08:54,7.4519972587065775,1.8249586678777303,5.415667516653199
SA_743.0_30-Nov-2013_09:35,5.9669789325286064,0.0,7.6963673258754755
SA_743.0_30-Nov-2013_10:15,10.474265355926324,1.7294276726081816,0.0
SA_743.0_30-Nov-2013_10:54,3.030370320279164,9.137316393963518,0.05791729844948994
SA_743.0_30-Nov-2013_11:34,1.0081922631400548,18.23338370000292,0.2208884760373839
