Segment_ID,component_1,component_2
AA_126.0_17-Dec-2001_21:26,0.5075421284005418,0.49245787159945825
AA_126.0_17-Dec-2001_21:45,0.6055830543347644,0.3944169456652356
AA_126.0_17-Dec-2001_22:03,0.9681028979658125,0.03189710203418743
AA_126.0_17-Dec-2001_22:22,1.0,0.0
AA_126.0_17-Dec-2001_22:40,0.4369776412685449,0.5630223587314551
AA_126.0_17-Dec-2001_22:58,0.48784104323334204,0.512158956766658
AA_126.0_17-Dec-2001_23:17,0.567756628985296,0.4322433710147041
