Segment_ID,component_1,component_2
AA_126.0_17-Dec-2001_21:26,5.261100341222044,5.104739353310844
AA_126.0_17-Dec-2001_21:45,4.978779952009495,3.242685157311812
AA_126.0_17-Dec-2001_22:03,7.825563736705481,0.2578370599956066
AA_126.0_17-Dec-2001_22:22,5.688515781834041,0.0
AA_126.0_17-Dec-2001_22:40,2.102740109644616,2.709268357288308
AA_126.0_17-Dec-2001_22:58,1.8264197294265998,1.9174631495565746
AA_126.0_17-Dec-2001_23:17,2.6427393843945253,2.011965201120703
