component,Calanoida indet (small),Calanus simillimus,Cnidaria indet,Egg mass,Euphausiidae calyptopis indet,Foraminifera indet,Fritillaria sp.,Harpacticoida indet,Limacina sp.,Nauplius indet,Oikopleura sp.,Oithona similis,Ostracoda indet,Pisces larvae,Polychaeta indet,Pseudosagitta gazellae,Rhincalanus gigas,Rhincalanus gigas nauplius,Salpa thompsoni,Themisto gaudichaudii,Thysanoessa macrura
component_1,0.09554298397719659,0.002687734745924141,0.001776558517100476,0.00015474505385648627,0.0,1.3169408375168854e-05,0.0,0.00048474123201164694,0.00038576342829109314,0.025115580568045665,0.0,0.8674618269693005,0.0006371152674999686,0.0010548480827475705,0.00015016286732442806,1.2686916381484037e-05,0.0009922017772305346,0.0,0.000789621962776656,0.0,0.0027402592259375873
component_2,0.0,0.0,0.0,0.0,0.0009996840230309736,0.00010637903584930817,0.14399866289998334,0.0,0.0028411143626500155,0.02343029167789813,0.0001249198553128398,0.8237497636556959,0.0,0.0,0.0,0.0,0.0,0.00138875929789023,0.00019951098616143617,0.0030254722684463055,0.0001354419370817289
