component,Calanoida indet (small),Calanus simillimus,Cnidaria indet,Egg mass,Euphausiidae calyptopis indet,Foraminifera indet,Fritillaria sp.,Harpacticoida indet,Limacina sp.,Nauplius indet,Oikopleura sp.,Oithona similis,Ostracoda indet,Pisces larvae,Polychaeta indet,Pseudosagitta gazellae,Rhincalanus gigas,Rhincalanus gigas nauplius,Salpa thompsoni,Themisto gaudichaudii,Thysanoessa macrura
component_1,2.3336307661277775,0.06564773501083232,0.04339231873186528,0.0037796372224650726,0.0,0.00032166188742158033,0.0,0.011839771017650543,0.009422245017194365,0.6134463158146808,0.0,21.187695041428913,0.015561496280695093,0.025764591360032785,0.0036677176337917743,0.00030987705389427545,0.0242344596867988,0.0,0.01928646174988217,0.0,0.06693064179720082
component_2,0.0,0.0,0.0,0.0,0.015168106398693166,0.0016140785459994365,2.1848774110785443,0.0,0.043107946061668276,0.3555054886695559,0.0018953965583541215,12.498673353951176,0.0,0.0,0.0,0.0,0.0,0.0210715069034576,0.003027160378766103,0.04590519025696911,0.002055047060042008
