Segment_ID,component_1,component_2
IN_1069.0_28-Feb-2019_23:45,1.0,0.0
IN_1069.0_01-Mar-2019_00:16,0.09580285819786995,0.9041971418021302
IN_1069.0_01-Mar-2019_00:47,0.08456321796636905,0.915436782033631
IN_1069.0_01-Mar-2019_01:19,0.0,1.0
IN_1069.0_01-Mar-2019_01:50,0.0,1.0
