Segment_ID,component_1,component_2
IN_1069.0_28-Feb-2019_23:45,12.531735672968743,0.0
IN_1069.0_01-Mar-2019_00:16,1.0438099623307222,9.851584830326205
IN_1069.0_01-Mar-2019_00:47,0.504066206584444,5.456754806458273
IN_1069.0_01-Mar-2019_01:19,0.0,1.520549679839482
IN_1069.0_01-Mar-2019_01:50,0.0,1.5692283717507785
