component,Calanoida indet (small),Calanus simillimus,Copepoda nauplius indet,Euphausia superba,Euphausiidae indet,Foraminifera indet,Fritillaria sp.,Harpacticoida indet,Hyperiidea indet,Metridia gerlachei,Oikopleura sp.,Oithona similis,Rhincalanus gigas,Rhincalanus gigas nauplius,Themisto gaudichaudii,Thysanoessa macrura
component_1,0.03251822030871966,0.0,0.042734857556998074,0.0010031954745419016,0.003981909743169213,0.1582263988102638,0.030666899726238706,0.0035758310287622654,0.008116718894971155,0.022012303417518166,0.3302979461975237,18.318871774923874,0.0,0.004038908031529744,0.188191001420703,0.00615016757055855
component_2,5.472711646615854,0.6607405924312231,0.2524521451648971,0.0,0.0,4.485747208182007,0.0,0.009202793566653567,0.0,0.0,0.0,1.110249922983479,0.07264437027635974,0.13080104736409406,0.1941243215059671,0.0
