Segment_ID,component_1,component_2
SA_911.0_27-Nov-2015_21:17,0.48857862098901467,0.5114213790109854
SA_911.0_27-Nov-2015_21:50,0.19240711572402283,0.8075928842759772
SA_911.0_27-Nov-2015_22:27,0.5630058117136991,0.43699418828630093
SA_911.0_27-Nov-2015_23:05,0.5960151129655439,0.4039848870344561
SA_911.0_27-Nov-2015_23:36,0.8846209898990367,0.11537901010096334
SA_911.0_28-Nov-2015_00:07,1.0,0.0
SA_911.0_28-Nov-2015_00:42,0.30054307292603455,0.6994569270739655
SA_911.0_28-Nov-2015_01:17,0.8417395203303272,0.15826047966967285
