Segment_ID,component_1,component_2
SA_911.0_27-Nov-2015_21:17,3.8520536478553815,4.032150618098352
SA_911.0_27-Nov-2015_21:50,4.728495943200873,19.84697739835237
SA_911.0_27-Nov-2015_22:27,12.941676121621693,10.045077926670123
SA_911.0_27-Nov-2015_23:05,8.908649219576585,6.03836978343249
SA_911.0_27-Nov-2015_23:36,19.56803026396019,2.552211610691149
SA_911.0_28-Nov-2015_00:07,7.519760887696361,0.0
SA_911.0_28-Nov-2015_00:42,0.5403136282023207,1.2574773604300977
SA_911.0_28-Nov-2015_01:17,0.37009200256817115,0.06958321004740675
