component,Calanoida indet (small),Calanus simillimus,Chaetognatha indet,Cnidaria indet,Euphausiidae calyptopis indet,Euphausiidae furcilia indet,Fritillaria sp.,Harpacticoida indet,Limacina sp.,Oikopleura sp.,Oithona similis,Rhincalanus gigas,Salpa thompsoni,Thysanoessa macrura,Thysanoessa macrura calyptopis,Tomopteris sp.
component_1,0.07564118262889023,0.0008834060599578446,0.0,0.00030075533777326833,0.00291775216786571,0.00030075533777326833,0.004914510306841916,0.00019978869587989728,0.0007995498796022117,0.0,0.897796385992323,0.0,1.900904975872454e-05,0.014572070140102915,0.0,0.0016548344032310753
component_2,0.21511577717751035,0.0,0.013369970260731981,0.0,0.02360656770242477,0.0,0.6764000247396661,0.0044892525873611,0.004030096681374205,0.016072302649204985,0.0001392253908699085,0.006103251669027885,0.0002470802619869927,0.03787071129055743,0.002555739589284346,0.0
