component,Calanoida indet (small),Calanus simillimus,Chaetognatha indet,Cnidaria indet,Euphausiidae calyptopis indet,Euphausiidae furcilia indet,Fritillaria sp.,Harpacticoida indet,Limacina sp.,Oikopleura sp.,Oithona similis,Rhincalanus gigas,Salpa thompsoni,Thysanoessa macrura,Thysanoessa macrura calyptopis,Tomopteris sp.
component_1,1.4824995594367316,0.01731396904668488,0.0,0.0058945357575202854,0.057185334140378526,0.0058945357575202854,0.09632000864510161,0.003915679836413107,0.01567046287567227,0.0,17.59600657260422,0.0,0.00037256038196653845,0.2855995479178651,0.0,0.03243327494979978
component_2,2.3549563009632575,0.0,0.14636627830054796,0.0,0.2584303024369379,0.0,7.404814844975078,0.0491455987372687,0.04411903997846569,0.17594976477946028,0.001524154647255883,0.0668146760917561,0.0027048839812887178,0.4145854448512411,0.02797867793973993,0.0
