component,Calanoida indet (small),Calanus simillimus,Chaetognatha indet,Cnidaria indet,Copepoda nauplius indet,Euphausia frigida,Euphausia frigida furcilia,Euphausiidae calyptopis indet,Euphausiidae furcilia indet,Euphausiidae nauplius indet,Foraminifera indet,Hyperiidea indet,Limacina sp.,Metridia lucens,Oikopleura sp.,Oithona similis,Ostracoda indet,Pleuromamma sp.,Themisto gaudichaudii,Thysanoessa macrura,Thysanoessa macrura calyptopis,Thysanoessa macrura furcilia
component_1,0.7678241130238495,0.002323733332957522,0.0006219486225836795,0.0004155841981331065,0.0485616461298857,0.004664463528923445,0.00450262034555241,0.0,0.00012297526962902564,0.0008157319264207898,0.001522913046453864,0.0,0.0006383193873961678,0.0009069337552033525,9.716667584263626e-05,0.12839017331771913,0.0,0.03649026017787115,0.002101417261578568,0.0,0.0,0.0
component_2,0.0,0.007267705959014458,0.0015221246011192318,0.0011688193077758339,0.04654449064642029,0.0,0.009103613421944351,0.010904209027193511,0.008026318694855582,0.00019824550842200306,0.023834899724312464,0.01335906989338039,0.010422300209715662,0.0004969346661499753,0.017881608724261686,0.45275590796471266,0.007370583751390129,0.0,0.02214802481979167,0.066872790057812,0.006418096996372467,0.29370425602535555
