Segment_ID,component_1,component_2
AA_127.0_19-Dec-2001_01:08,0.0,1.0
AA_127.0_19-Dec-2001_01:27,0.08223166811265961,0.9177683318873403
AA_127.0_19-Dec-2001_01:46,1.0,0.0
AA_127.0_19-Dec-2001_02:05,0.5632010094211073,0.4367989905788927
AA_127.0_19-Dec-2001_02:24,0.33374701932536255,0.6662529806746375
AA_127.0_19-Dec-2001_02:43,0.5957488372543133,0.4042511627456867
AA_127.0_19-Dec-2001_03:03,0.033555503921651,0.966444496078349
