Segment_ID,component_1,component_2
AA_127.0_19-Dec-2001_01:08,0.0,5.942644491903456
AA_127.0_19-Dec-2001_01:27,0.46840515024780377,5.227759855259272
AA_127.0_19-Dec-2001_01:46,17.601726786986507,0.0
AA_127.0_19-Dec-2001_02:05,4.324652965811473,3.3540494751813403
AA_127.0_19-Dec-2001_02:24,1.4318317198380124,2.858339088974969
AA_127.0_19-Dec-2001_02:43,1.3483004049179084,0.9149023419509802
AA_127.0_19-Dec-2001_03:03,0.11402202880808332,3.2839906809492856
