component,Calanoida indet (small),Calanoides acutus,Clausocalanus sp.,Copepoda indet,Copepoda nauplius indet,Ctenocalanus sp.,Euphausiidae calyptopis indet,Euphausiidae furcilia indet,Fritillaria sp.,Limacina sp.,Oithona similis,Oncaea sp.,Polychaeta indet,Pteropoda indet,Rhincalanus gigas,Rhincalanus gigas nauplius,Tintinnina indet
component_1,0.547646394832288,0.40741649318859513,0.0,9.413669286394557,12.490633092028334,0.017163527313539668,0.01967318425083589,0.013792846945313542,0.12363400410874427,0.3923449488670955,16.496979411642624,2.540320046630397,0.21443947085588158,0.026319872174740418,0.02416648562778323,0.09766337630392985,0.06534907591091664
component_2,0.7749673321728334,0.5625857328025293,0.06622737692817507,1.7495761068761198,0.0001904014767270412,0.18686346668121312,0.027031656604241432,0.0,0.8144717830658869,19.753964444556164,4.1251519587197265,2.156335502554747,0.0,0.0,0.00040835034821371115,0.3921895850285109,0.1307989640564653
