Segment_ID,component_1,component_2
AA_2.0_06-Mar-1991_03:01,0.6160119746506987,0.0
AA_2.0_06-Mar-1991_03:31,0.0,0.0
AA_2.0_06-Mar-1991_04:01,0.0,0.6687403049764221
AA_2.0_06-Mar-1991_04:31,0.0,1.3374806099528442
AA_2.0_06-Mar-1991_05:02,0.0,0.0
AA_3.0_06-Mar-1991_06:47,0.5134852776078592,0.0
AA_3.0_06-Mar-1991_07:15,0.0,0.0
AA_3.0_06-Mar-1991_07:45,0.0,0.0
AA_3.0_06-Mar-1991_08:13,0.0,0.0
AA_3.0_06-Mar-1991_08:40,0.0,0.0
AA_3.0_06-Mar-1991_09:09,1.680286052121556,0.0
