component,Calanus propinquus,Chaetognatha indet,Euphausia superba,Thysanoessa macrura,Thysanoessa macrura furcilia
component_1,0.03498585073731176,0.03143843290490484,0.8426755270691374,0.0,0.09090018928864606
component_2,0.0,0.0011411412991165451,0.0029840158102069914,0.9958748428906765,0.0
