component,Calanoida indet (small),Foraminifera indet,Harpacticoida indet,Limacina sp.,Oikopleura sp.,Oithona similis,Thysanoessa macrura
component_1,0.018852659676582943,0.8494106905499307,0.007898484969487094,0.007898484969487094,0.0,0.11015509631240948,0.005784583522102596
component_2,0.11044277004748283,0.00043029302813091046,0.036613275860196574,0.036613275860196574,0.2016814338597084,0.6142189513442847,0.0
