component,Calanoida indet (small),Foraminifera indet,Harpacticoida indet,Limacina sp.,Oikopleura sp.,Oithona similis,Thysanoessa macrura
component_1,0.11622634907881013,5.236603488565343,0.048694035059552526,0.048694035059552526,0.0,0.6791044285766576,0.035661866031057955
component_2,0.5064795095286985,0.0019732808380998144,0.16790482520439048,0.16790482520439048,0.9248909064703222,2.816746746630293,0.0
