Segment_ID,component_1,component_2
AA_172.0_10-Nov-2002_00:20,0.275267401314632,0.724732598685368
AA_172.0_10-Nov-2002_00:40,0.6311561994668076,0.3688438005331924
AA_172.0_10-Nov-2002_01:00,0.9509538905031557,0.049046109496844306
AA_172.0_10-Nov-2002_01:21,1.0,0.0
AA_172.0_10-Nov-2002_01:41,0.7235390498781681,0.27646095012183197
AA_172.0_10-Nov-2002_02:03,0.8597786198109919,0.14022138018900812
