Segment_ID,component_1,component_2
AA_172.0_10-Nov-2002_00:20,0.7614987062051605,2.00489754183717
AA_172.0_10-Nov-2002_00:40,2.4852821782504066,1.4523836172372082
AA_172.0_10-Nov-2002_01:00,3.438441426653826,0.17734001237527874
AA_172.0_10-Nov-2002_01:21,2.097077778342658,0.0
AA_172.0_10-Nov-2002_01:41,1.7151521484351286,0.6553517638608722
AA_172.0_10-Nov-2002_02:03,0.9569743814602796,0.1560730465749216
