component,Calanoida indet (small),Calanoides acutus,Calanus propinquus,Calanus simillimus,Calanus sp.,Chaetognatha indet,Copepoda nauplius indet,Eukrohnia hamata,Euphausia frigida,Euphausia frigida calyptopis,Euphausiidae calyptopis indet,Euphausiidae furcilia indet,Euphausiidae nauplius indet,Foraminifera indet,Fritillaria sp.,Limacina sp.,Metridia lucens,Metridia sp.,Oikopleura sp.,Oithona similis,Ostracoda indet,Pisces egg,Rhincalanus gigas,Salpa thompsoni,Themisto gaudichaudii,Thysanoessa macrura,Thysanoessa macrura calyptopis,Tomopteris sp.
component_1,14.39183693699613,0.012255895975336308,0.012330314830757807,2.431776733452956,0.0,0.0,4.810519208590381,0.026316628362652677,0.0,0.0,0.01209783315015261,0.0,0.00593253324424962,2.27356430908956,0.029794930164398263,0.4655421286448828,0.017427198355718827,0.04157253822534916,0.25635195945424005,9.911216315069968,0.0,0.054378603776749926,0.06193554784585818,0.06092719262676024,0.11269766888203621,0.10946714372249772,0.009045723512871745,0.0034550486490425233
component_2,0.5060328816293596,0.010357595748584572,0.0,0.0,0.0022785840446049553,0.04162875402719631,3.8864632622900777,0.0,0.16184866426633093,0.08919753153622846,0.00831668256548315,0.013493968045272772,0.015760822311388752,0.9031860018111989,0.342309267238103,2.835753748863027,0.0,0.0,0.5066711942305572,9.635942402782653,0.08331970069215391,0.02749714981980339,0.0,0.0,0.0400400621589419,0.03776593226082846,0.06842402795610417,0.18639043240231817
