Segment_ID,component_1,component_2
AA_982.0_04-Feb-2017_06:10,0.0,1.0
AA_982.0_04-Feb-2017_06:46,0.39938951127842787,0.6006104887215721
AA_982.0_04-Feb-2017_07:21,0.32261354338243614,0.6773864566175638
AA_982.0_04-Feb-2017_07:56,0.4956133225908213,0.5043866774091785
AA_982.0_04-Feb-2017_08:32,0.6356857177703317,0.36431428222966833
AA_982.0_04-Feb-2017_09:09,1.0,0.0
AA_982.0_04-Feb-2017_09:49,0.5386681149331282,0.4613318850668719
AA_982.0_04-Feb-2017_10:28,0.7353682427967816,0.26463175720321847
AA_982.0_04-Feb-2017_11:10,0.6826496720566372,0.3173503279433629
