Segment_ID,component_1,component_2
AA_982.0_04-Feb-2017_06:10,0.0,1.4790600489848975
AA_982.0_04-Feb-2017_06:46,1.2733458496252898,1.914884721451469
AA_982.0_04-Feb-2017_07:21,0.9630889456228927,2.022182334452343
AA_982.0_04-Feb-2017_07:56,1.0768397196588217,1.0959019532841818
AA_982.0_04-Feb-2017_08:32,1.436635010671611,0.8233418466197717
AA_982.0_04-Feb-2017_09:09,2.4976019574179404,0.0
AA_982.0_04-Feb-2017_09:49,2.05320780707493,1.758430101602515
AA_982.0_04-Feb-2017_10:28,1.0415881425269773,0.37482894201500416
AA_982.0_04-Feb-2017_11:10,1.3388151713799463,0.6223886879091992
